fichier,map_bg,famille,groupe,position,variante,largeur_px,hauteur_px,frames_anim,tuiles_animees,frame_length,cases_bloquees,type,nom
aegis_cave_entrance,d32p11a,donjon : abords/salles (Dungeon ground),d32,entrée (p1x),a,1008,456,1,0,60,5490,JOUABLE,Aegis Cave Entrance
aegis_cave_floor_01,d32p12a,donjon : abords/salles (Dungeon ground),d32,entrée (p1x),a,1008,456,1,0,60,5490,JOUABLE,Aegis Cave Floor 01
aegis_cave_floor_02,d32p13a,donjon : abords/salles (Dungeon ground),d32,entrée (p1x),a,1008,456,1,0,60,5493,JOUABLE,Aegis Cave Floor 02
aegis_cave_floor_03,d32p14a,donjon : abords/salles (Dungeon ground),d32,entrée (p1x),a,576,408,1,0,60,0,BG (sans collision),Aegis Cave Floor 03
aegis_cave_floor_04,d32p31a,donjon : abords/salles (Dungeon ground),d32,intermédiaire (p3x),a,912,456,1,0,60,5166,JOUABLE,Aegis Cave Floor 04
aegis_cave_floor_05,d32p32a,donjon : abords/salles (Dungeon ground),d32,intermédiaire (p3x),a,912,456,1,0,60,4914,JOUABLE,Aegis Cave Floor 05
aegis_cave_floor_06,d32p33a,donjon : abords/salles (Dungeon ground),d32,intermédiaire (p3x),a,912,456,1,0,60,4914,JOUABLE,Aegis Cave Floor 06
aegis_cave_floor_07,d32p41a,donjon : abords/salles (Dungeon ground),d32,fond/boss (p4x),a,1440,960,1,0,60,0,BG (sans collision),Aegis Cave Floor 07
aegis_cave_floor_08,d32p42a,donjon : abords/salles (Dungeon ground),d32,fond/boss (p4x),a,1440,960,1,0,60,0,BG (sans collision),Aegis Cave Floor 08
aegis_cave_floor_09,d32p43a,donjon : abords/salles (Dungeon ground),d32,fond/boss (p4x),a,1440,960,1,0,60,0,BG (sans collision),Aegis Cave Floor 09
aegis_cave_floor_10,d32p44a,donjon : abords/salles (Dungeon ground),d32,fond/boss (p4x),a,600,648,1,0,60,0,BG (sans collision),Aegis Cave Floor 10
b01p01_beach,b01p01_beach,plage/début (legacy),b01,,,0,0,1,0,,0,BG (sans collision),Converted NDS Map
d00p01,d00p01,donjon : abords/salles (Dungeon ground),d00,p1,,456,456,1,0,60,0,BG (sans collision),D00P01
d00p02,d00p02,donjon : abords/salles (Dungeon ground),d00,p2,,456,456,1,0,60,2376,JOUABLE,D00P02
d01p11a,d01p11a,donjon : abords/salles (Dungeon ground),d01,entrée (p1x),a,792,384,17,740,"10,60",3760,JOUABLE,D01P11A
d01p11b,d01p11b,donjon : abords/salles (Dungeon ground),d01,entrée (p1x),b,792,384,26,739,"10,60",3638,JOUABLE,D01P11B
d01p41a,d01p41a,donjon : abords/salles (Dungeon ground),d01,fond/boss (p4x),a,456,480,22,306,"10,60",2363,JOUABLE,D01P41A
d02p11a,d02p11a,donjon : abords/salles (Dungeon ground),d02,entrée (p1x),a,528,408,1,0,60,0,BG (sans collision),D02P11A
d02p31a,d02p31a,donjon : abords/salles (Dungeon ground),d02,intermédiaire (p3x),a,480,384,5,122,"10,60",0,BG (sans collision),D02P31A
d03p11a,d03p11a,donjon : abords/salles (Dungeon ground),d03,entrée (p1x),a,552,480,1,0,60,0,BG (sans collision),D03P11A
d03p41a,d03p41a,donjon : abords/salles (Dungeon ground),d03,fond/boss (p4x),a,696,648,1,0,60,0,BG (sans collision),D03P41A
d04p11a,d04p11a,donjon : abords/salles (Dungeon ground),d04,entrée (p1x),a,504,456,3,1119,"10,60",0,BG (sans collision),D04P11A
d04p12a,d04p12a,donjon : abords/salles (Dungeon ground),d04,entrée (p1x),a,408,552,12,126,"10,60",0,BG (sans collision),D04P12A
d04p31a,d04p31a,donjon : abords/salles (Dungeon ground),d04,intermédiaire (p3x),a,504,432,19,635,"10,60",0,BG (sans collision),D04P31A
d05p11a,d05p11a,donjon : abords/salles (Dungeon ground),d05,entrée (p1x),a,552,408,1,0,60,0,BG (sans collision),D05P11A
d05p31a,d05p31a,donjon : abords/salles (Dungeon ground),d05,intermédiaire (p3x),a,552,552,1,0,60,0,BG (sans collision),D05P31A
d06p11a,d06p11a,donjon : abords/salles (Dungeon ground),d06,entrée (p1x),a,552,432,7,262,"10,60",3301,JOUABLE,D06P11A
d07p11a,d07p11a,donjon : abords/salles (Dungeon ground),d07,entrée (p1x),a,552,360,1,0,60,2722,JOUABLE,D07P11A
d08p11a,d08p11a,donjon : abords/salles (Dungeon ground),d08,entrée (p1x),a,600,792,1,0,60,6364,JOUABLE,D08P11A
d09p11a,d09p11a,donjon : abords/salles (Dungeon ground),d09,entrée (p1x),a,504,504,1,0,60,3478,JOUABLE,D09P11A
d10p21a,d10p21a,donjon : abords/salles (Dungeon ground),d10,p21,a,456,456,1,0,60,2376,JOUABLE,D10P21A
d10p41a,d10p41a,donjon : abords/salles (Dungeon ground),d10,fond/boss (p4x),a,648,624,1,0,60,1,JOUABLE,D10P41A
d11p11a,d11p11a,donjon : abords/salles (Dungeon ground),d11,entrée (p1x),a,456,408,1,0,60,0,BG (sans collision),D11P11A
d12p21a,d12p21a,donjon : abords/salles (Dungeon ground),d12,p21,a,456,456,1,0,60,2376,JOUABLE,D12P21A
d12p41a,d12p41a,donjon : abords/salles (Dungeon ground),d12,fond/boss (p4x),a,552,504,1,0,60,0,BG (sans collision),D12P41A
d13p11a,d13p11a,donjon : abords/salles (Dungeon ground),d13,entrée (p1x),a,456,456,1,0,60,0,BG (sans collision),D13P11A
d14p11a,d14p11a,donjon : abords/salles (Dungeon ground),d14,entrée (p1x),a,456,384,6,601,"10,60",0,BG (sans collision),D14P11A
d14p12a,d14p12a,donjon : abords/salles (Dungeon ground),d14,entrée (p1x),a,600,408,4,189,"10,60",0,BG (sans collision),D14P12A
d15p21a,d15p21a,donjon : abords/salles (Dungeon ground),d15,p21,a,456,456,1,0,60,2376,JOUABLE,D15P21A
d15p41a,d15p41a,donjon : abords/salles (Dungeon ground),d15,fond/boss (p4x),a,600,600,23,795,"10,60",0,BG (sans collision),D15P41A
d16p11a,d16p11a,donjon : abords/salles (Dungeon ground),d16,entrée (p1x),a,600,408,17,12,"10,60",3251,JOUABLE,D16P11A
d16p31a,d16p31a,donjon : abords/salles (Dungeon ground),d16,intermédiaire (p3x),a,600,480,12,188,"10,60",3311,JOUABLE,D16P31A
d17p11a,d17p11a,donjon : abords/salles (Dungeon ground),d17,entrée (p1x),a,600,480,12,169,"10,60",0,BG (sans collision),D17P11A
d17p31a,d17p31a,donjon : abords/salles (Dungeon ground),d17,intermédiaire (p3x),a,360,408,4,571,"10,60",0,BG (sans collision),D17P31A
d17p32a,d17p32a,donjon : abords/salles (Dungeon ground),d17,intermédiaire (p3x),a,408,456,4,627,"10,60",0,BG (sans collision),D17P32A
d17p33a,d17p33a,donjon : abords/salles (Dungeon ground),d17,intermédiaire (p3x),a,456,504,6,2114,"10,60",0,BG (sans collision),D17P33A
d17p34a,d17p34a,donjon : abords/salles (Dungeon ground),d17,intermédiaire (p3x),a,696,600,4,3555,"10,60",0,BG (sans collision),D17P34A
d17p45a,d17p45a,donjon : abords/salles (Dungeon ground),d17,fond/boss (p4x),a,696,504,1,0,60,0,BG (sans collision),D17P45A
d18p11a,d18p11a,donjon : abords/salles (Dungeon ground),d18,entrée (p1x),a,600,384,1,0,60,2990,JOUABLE,D18P11A
d19p11a,d19p11a,donjon : abords/salles (Dungeon ground),d19,entrée (p1x),a,768,384,1,0,60,3344,JOUABLE,D19P11A
d20p11a,d20p11a,donjon : abords/salles (Dungeon ground),d20,entrée (p1x),a,600,384,1,0,60,2920,JOUABLE,D20P11A
d21p21a,d21p21a,donjon : abords/salles (Dungeon ground),d21,p21,a,456,456,1,0,60,2376,JOUABLE,D21P21A
d21p41a,d21p41a,donjon : abords/salles (Dungeon ground),d21,fond/boss (p4x),a,648,528,1,0,60,0,BG (sans collision),D21P41A
d22p11a,d22p11a,donjon : abords/salles (Dungeon ground),d22,entrée (p1x),a,552,552,1,0,60,2868,JOUABLE,D22P11A
d23p11a,d23p11a,donjon : abords/salles (Dungeon ground),d23,entrée (p1x),a,552,552,1,0,60,3496,JOUABLE,D23P11A
d24p11a,d24p11a,donjon : abords/salles (Dungeon ground),d24,entrée (p1x),a,504,432,1,0,60,2652,JOUABLE,D24P11A
d24p31a,d24p31a,donjon : abords/salles (Dungeon ground),d24,intermédiaire (p3x),a,504,480,1,0,60,0,BG (sans collision),D24P31A
d24p31b,d24p31b,donjon : abords/salles (Dungeon ground),d24,intermédiaire (p3x),b,504,480,1,0,60,0,BG (sans collision),D24P31B
d25p11a,d25p11a,donjon : abords/salles (Dungeon ground),d25,entrée (p1x),a,648,504,15,1400,"10,60",4155,JOUABLE,D25P11A
d26p21a,d26p21a,donjon : abords/salles (Dungeon ground),d26,p21,a,456,456,1,0,60,2376,JOUABLE,D26P21A
d26p31a,d26p31a,donjon : abords/salles (Dungeon ground),d26,intermédiaire (p3x),a,552,744,3,150,"10,60",0,BG (sans collision),D26P31A
d26p43a,d26p43a,donjon : abords/salles (Dungeon ground),d26,fond/boss (p4x),a,552,744,3,117,"10,60",0,BG (sans collision),D26P43A
d27p11a,d27p11a,donjon : abords/salles (Dungeon ground),d27,entrée (p1x),a,456,552,3,45,"10,60",3403,JOUABLE,D27P11A
d28p21a,d28p21a,donjon : abords/salles (Dungeon ground),d28,p21,a,456,456,1,0,60,2376,JOUABLE,D28P21A
d28p31a,d28p31a,donjon : abords/salles (Dungeon ground),d28,intermédiaire (p3x),a,816,360,1,0,60,0,BG (sans collision),D28P31A
d28p32a,d28p32a,donjon : abords/salles (Dungeon ground),d28,intermédiaire (p3x),a,480,432,1,0,60,0,BG (sans collision),D28P32A
d28p33a,d28p33a,donjon : abords/salles (Dungeon ground),d28,intermédiaire (p3x),a,600,432,1,0,60,0,BG (sans collision),D28P33A
d28p33c,d28p33c,donjon : abords/salles (Dungeon ground),d28,intermédiaire (p3x),c,600,432,1,0,60,0,BG (sans collision),D28P33C
d28p34a,d28p34a,donjon : abords/salles (Dungeon ground),d28,intermédiaire (p3x),a,648,528,1,0,60,0,BG (sans collision),D28P34A
d28p44a,d28p44a,donjon : abords/salles (Dungeon ground),d28,fond/boss (p4x),a,504,528,1,0,60,0,BG (sans collision),D28P44A
d29p11a,d29p11a,donjon : abords/salles (Dungeon ground),d29,entrée (p1x),a,600,552,14,1122,"10,60",4565,JOUABLE,D29P11A
d30p21a,d30p21a,donjon : abords/salles (Dungeon ground),d30,p21,a,456,456,1,0,60,2376,JOUABLE,D30P21A
d30p32a,d30p32a,donjon : abords/salles (Dungeon ground),d30,intermédiaire (p3x),a,552,576,11,69,"10,60",0,BG (sans collision),D30P32A
d30p33a,d30p33a,donjon : abords/salles (Dungeon ground),d30,intermédiaire (p3x),a,552,576,7,64,"10,60",1,JOUABLE,D30P33A
d30p34a,d30p34a,donjon : abords/salles (Dungeon ground),d30,intermédiaire (p3x),a,552,576,7,64,"10,60",0,BG (sans collision),D30P34A
d30p41a,d30p41a,donjon : abords/salles (Dungeon ground),d30,fond/boss (p4x),a,552,576,7,64,"10,60",0,BG (sans collision),D30P41A
d30p42a,d30p42a,donjon : abords/salles (Dungeon ground),d30,fond/boss (p4x),a,552,576,11,65,"10,60",0,BG (sans collision),D30P42A
d31p11a,d31p11a,donjon : abords/salles (Dungeon ground),d31,entrée (p1x),a,600,504,1,0,60,3717,JOUABLE,D31P11A
d31p31a,d31p31a,donjon : abords/salles (Dungeon ground),d31,intermédiaire (p3x),a,456,504,1,0,60,0,BG (sans collision),D31P31A
d31p41a,d31p41a,donjon : abords/salles (Dungeon ground),d31,fond/boss (p4x),a,552,504,1,0,60,0,BG (sans collision),D31P41A
d33p41a,d33p41a,donjon : abords/salles (Dungeon ground),d33,fond/boss (p4x),a,1440,960,1,0,60,0,BG (sans collision),D33P41A
d34p41a,d34p41a,donjon : abords/salles (Dungeon ground),d34,fond/boss (p4x),a,456,456,1,0,60,2466,JOUABLE,D34P41A
d35p21a,d35p21a,donjon : abords/salles (Dungeon ground),d35,p21,a,456,456,1,0,60,2376,JOUABLE,D35P21A
d35p41a,d35p41a,donjon : abords/salles (Dungeon ground),d35,fond/boss (p4x),a,1440,960,1,0,60,0,BG (sans collision),D35P41A
d36p11a,d36p11a,donjon : abords/salles (Dungeon ground),d36,entrée (p1x),a,408,288,1,0,60,0,BG (sans collision),D36P11A
d36p41a,d36p41a,donjon : abords/salles (Dungeon ground),d36,fond/boss (p4x),a,504,480,1,0,60,0,BG (sans collision),D36P41A
d37p11a,d37p11a,donjon : abords/salles (Dungeon ground),d37,entrée (p1x),a,480,480,1,0,60,2106,JOUABLE,D37P11A
d37p41a,d37p41a,donjon : abords/salles (Dungeon ground),d37,fond/boss (p4x),a,456,456,1,0,60,2169,JOUABLE,D37P41A
d38p11a,d38p11a,donjon : abords/salles (Dungeon ground),d38,entrée (p1x),a,480,456,1,0,60,1953,JOUABLE,D38P11A
d38p12a,d38p12a,donjon : abords/salles (Dungeon ground),d38,entrée (p1x),a,456,456,1,0,60,2565,JOUABLE,D38P12A
d39p21a,d39p21a,donjon : abords/salles (Dungeon ground),d39,p21,a,456,456,1,0,60,2376,JOUABLE,D39P21A
d39p32a,d39p32a,donjon : abords/salles (Dungeon ground),d39,intermédiaire (p3x),a,480,480,1,0,60,2988,JOUABLE,D39P32A
d39p41a,d39p41a,donjon : abords/salles (Dungeon ground),d39,fond/boss (p4x),a,1440,960,1,0,60,0,BG (sans collision),D39P41A
d40p11a,d40p11a,donjon : abords/salles (Dungeon ground),d40,entrée (p1x),a,360,456,10,38,"10,60",0,BG (sans collision),D40P11A
d41p21a,d41p21a,donjon : abords/salles (Dungeon ground),d41,p21,a,456,456,1,0,60,2376,JOUABLE,D41P21A
d41p41a,d41p41a,donjon : abords/salles (Dungeon ground),d41,fond/boss (p4x),a,552,576,13,3113,"10,60",0,BG (sans collision),D41P41A
d42p21a,d42p21a,donjon : abords/salles (Dungeon ground),d42,p21,a,456,456,1,0,60,2376,JOUABLE,D42P21A
d42p31a,d42p31a,donjon : abords/salles (Dungeon ground),d42,intermédiaire (p3x),a,1008,504,15,254,"10,60",1,JOUABLE,D42P31A
d42p41a,d42p41a,donjon : abords/salles (Dungeon ground),d42,fond/boss (p4x),a,504,504,15,131,"10,60",7,JOUABLE,D42P41A
d42p42a,d42p42a,donjon : abords/salles (Dungeon ground),d42,fond/boss (p4x),a,504,456,16,101,"10,60",0,BG (sans collision),D42P42A
d43p31a,d43p31a,donjon : abords/salles (Dungeon ground),d43,intermédiaire (p3x),a,408,432,1,0,60,0,BG (sans collision),D43P31A
d44p31a,d44p31a,donjon : abords/salles (Dungeon ground),d44,intermédiaire (p3x),a,912,552,31,126,"10,60",0,BG (sans collision),D44P31A
d45p21a,d45p21a,donjon : abords/salles (Dungeon ground),d45,p21,a,456,456,1,0,60,2376,JOUABLE,D45P21A
d45p31a,d45p31a,donjon : abords/salles (Dungeon ground),d45,intermédiaire (p3x),a,816,408,1,0,60,0,BG (sans collision),D45P31A
d45p42a,d45p42a,donjon : abords/salles (Dungeon ground),d45,fond/boss (p4x),a,504,504,1,0,60,0,BG (sans collision),D45P42A
d46p11a,d46p11a,donjon : abords/salles (Dungeon ground),d46,entrée (p1x),a,456,408,1,0,60,2646,JOUABLE,D46P11A
d46p21a,d46p21a,donjon : abords/salles (Dungeon ground),d46,p21,a,456,456,1,0,60,2376,JOUABLE,D46P21A
d46p31a,d46p31a,donjon : abords/salles (Dungeon ground),d46,intermédiaire (p3x),a,456,504,1,0,60,0,BG (sans collision),D46P31A
d46p41a,d46p41a,donjon : abords/salles (Dungeon ground),d46,fond/boss (p4x),a,456,504,1,0,60,0,BG (sans collision),D46P41A
d47p11a,d47p11a,donjon : abords/salles (Dungeon ground),d47,entrée (p1x),a,456,288,1,0,60,1744,JOUABLE,D47P11A
d48p11a,d48p11a,donjon : abords/salles (Dungeon ground),d48,entrée (p1x),a,600,552,1,0,60,4856,JOUABLE,D48P11A
d48p21a,d48p21a,donjon : abords/salles (Dungeon ground),d48,p21,a,456,456,1,0,60,2376,JOUABLE,D48P21A
d49p41a,d49p41a,donjon : abords/salles (Dungeon ground),d49,fond/boss (p4x),a,456,432,1,0,60,0,BG (sans collision),D49P41A
d50p11a,d50p11a,donjon : abords/salles (Dungeon ground),d50,entrée (p1x),a,504,360,1,0,60,2656,JOUABLE,D50P11A
d51p11a,d51p11a,donjon : abords/salles (Dungeon ground),d51,entrée (p1x),a,504,312,1,0,60,2062,JOUABLE,D51P11A
d51p21a,d51p21a,donjon : abords/salles (Dungeon ground),d51,p21,a,456,456,1,0,60,2376,JOUABLE,D51P21A
d51p41a,d51p41a,donjon : abords/salles (Dungeon ground),d51,fond/boss (p4x),a,504,408,1,0,60,0,BG (sans collision),D51P41A
d52p11a,d52p11a,donjon : abords/salles (Dungeon ground),d52,entrée (p1x),a,504,408,1,0,60,2850,JOUABLE,D52P11A
d52p11c,d52p11c,donjon : abords/salles (Dungeon ground),d52,entrée (p1x),c,504,408,1,0,60,0,BG (sans collision),D52P11C
d52p31a,d52p31a,donjon : abords/salles (Dungeon ground),d52,intermédiaire (p3x),a,504,408,1,0,60,0,BG (sans collision),D52P31A
d52p32a,d52p32a,donjon : abords/salles (Dungeon ground),d52,intermédiaire (p3x),a,504,504,1,0,60,0,BG (sans collision),D52P32A
d53p11a,d53p11a,donjon : abords/salles (Dungeon ground),d53,entrée (p1x),a,504,360,1,0,60,2266,JOUABLE,D53P11A
d53p11b,d53p11b,donjon : abords/salles (Dungeon ground),d53,entrée (p1x),b,504,360,1,0,60,0,BG (sans collision),D53P11B
d53p21a,d53p21a,donjon : abords/salles (Dungeon ground),d53,p21,a,456,456,1,0,60,2376,JOUABLE,D53P21A
d53p41a,d53p41a,donjon : abords/salles (Dungeon ground),d53,fond/boss (p4x),a,504,480,1,0,60,0,BG (sans collision),D53P41A
d53p41b,d53p41b,donjon : abords/salles (Dungeon ground),d53,fond/boss (p4x),b,504,480,31,3780,10,0,BG (sans collision),D53P41B
d53p41c,d53p41c,donjon : abords/salles (Dungeon ground),d53,fond/boss (p4x),c,504,480,1,0,60,0,BG (sans collision),D53P41C
d54p11a,d54p11a,donjon : abords/salles (Dungeon ground),d54,entrée (p1x),a,504,432,1,0,60,2815,JOUABLE,D54P11A
d54p31a,d54p31a,donjon : abords/salles (Dungeon ground),d54,intermédiaire (p3x),a,504,456,1,0,60,0,BG (sans collision),D54P31A
d54p32a,d54p32a,donjon : abords/salles (Dungeon ground),d54,intermédiaire (p3x),a,600,456,1,0,60,0,BG (sans collision),D54P32A
d55p11a,d55p11a,donjon : abords/salles (Dungeon ground),d55,entrée (p1x),a,552,504,1,0,60,3432,JOUABLE,D55P11A
d55p21a,d55p21a,donjon : abords/salles (Dungeon ground),d55,p21,a,456,456,1,0,60,2376,JOUABLE,D55P21A
d55p41a,d55p41a,donjon : abords/salles (Dungeon ground),d55,fond/boss (p4x),a,504,456,1,0,60,0,BG (sans collision),D55P41A
d56p11a,d56p11a,donjon : abords/salles (Dungeon ground),d56,entrée (p1x),a,504,408,1,0,60,2748,JOUABLE,D56P11A
d56p12a,d56p12a,donjon : abords/salles (Dungeon ground),d56,entrée (p1x),a,312,336,13,182,"10,60",0,BG (sans collision),D56P12A
d56p21a,d56p21a,donjon : abords/salles (Dungeon ground),d56,p21,a,456,456,1,0,60,2376,JOUABLE,D56P21A
d56p41a,d56p41a,donjon : abords/salles (Dungeon ground),d56,fond/boss (p4x),a,456,480,6,792,"10,60",0,BG (sans collision),D56P41A
d57p21a,d57p21a,donjon : abords/salles (Dungeon ground),d57,p21,a,456,456,1,0,60,2376,JOUABLE,D57P21A
d57p41a,d57p41a,donjon : abords/salles (Dungeon ground),d57,fond/boss (p4x),a,456,456,1,0,60,0,BG (sans collision),D57P41A
d57p42a,d57p42a,donjon : abords/salles (Dungeon ground),d57,fond/boss (p4x),a,456,528,14,80,"10,60",0,BG (sans collision),D57P42A
d57p43a,d57p43a,donjon : abords/salles (Dungeon ground),d57,fond/boss (p4x),a,912,456,26,828,"10,60",0,BG (sans collision),D57P43A
d57p44a,d57p44a,donjon : abords/salles (Dungeon ground),d57,fond/boss (p4x),a,456,456,26,540,"10,60",0,BG (sans collision),D57P44A
d58p41a,d58p41a,donjon : abords/salles (Dungeon ground),d58,fond/boss (p4x),a,456,456,1,0,60,2493,JOUABLE,D58P41A
d59p41a,d59p41a,donjon : abords/salles (Dungeon ground),d59,fond/boss (p4x),a,456,456,1,0,60,2493,JOUABLE,D59P41A
d60p41a,d60p41a,donjon : abords/salles (Dungeon ground),d60,fond/boss (p4x),a,456,456,1,0,60,2493,JOUABLE,D60P41A
d61p41a,d61p41a,donjon : abords/salles (Dungeon ground),d61,fond/boss (p4x),a,456,456,1,0,60,2493,JOUABLE,D61P41A
d62p41a,d62p41a,donjon : abords/salles (Dungeon ground),d62,fond/boss (p4x),a,456,456,1,0,60,2493,JOUABLE,D62P41A
d63p41a,d63p41a,donjon : abords/salles (Dungeon ground),d63,fond/boss (p4x),a,456,456,1,0,60,2493,JOUABLE,D63P41A
d65p41a,d65p41a,donjon : abords/salles (Dungeon ground),d65,fond/boss (p4x),a,1440,960,1,0,60,0,BG (sans collision),D65P41A
d66p41a,d66p41a,donjon : abords/salles (Dungeon ground),d66,fond/boss (p4x),a,1440,960,1,0,60,0,BG (sans collision),D66P41A
d67p41a,d67p41a,donjon : abords/salles (Dungeon ground),d67,fond/boss (p4x),a,1440,960,1,0,60,0,BG (sans collision),D67P41A
d68p41a,d68p41a,donjon : abords/salles (Dungeon ground),d68,fond/boss (p4x),a,1440,960,1,0,60,0,BG (sans collision),D68P41A
d69p41a,d69p41a,donjon : abords/salles (Dungeon ground),d69,fond/boss (p4x),a,1440,960,1,0,60,0,BG (sans collision),D69P41A
d70p41a,d70p41a,donjon : abords/salles (Dungeon ground),d70,fond/boss (p4x),a,1440,960,1,0,60,0,BG (sans collision),D70P41A
d71p41a,d71p41a,donjon : abords/salles (Dungeon ground),d71,fond/boss (p4x),a,1440,960,1,0,60,8532,JOUABLE,D71P41A
d72p41a,d72p41a,donjon : abords/salles (Dungeon ground),d72,fond/boss (p4x),a,1440,960,1,0,60,0,BG (sans collision),D72P41A
d73p11a,d73p11a,donjon : abords/salles (Dungeon ground),d73,entrée (p1x),a,648,552,3,313,"10,60",4467,JOUABLE,D73P11A
d73p21a,d73p21a,donjon : abords/salles (Dungeon ground),d73,p21,a,456,504,1,0,60,2658,JOUABLE,D73P21A
d73p22a,d73p22a,donjon : abords/salles (Dungeon ground),d73,p22,a,456,504,1,0,60,2664,JOUABLE,D73P22A
d73p23a,d73p23a,donjon : abords/salles (Dungeon ground),d73,p23,a,456,504,1,0,60,2658,JOUABLE,D73P23A
d73p24a,d73p24a,donjon : abords/salles (Dungeon ground),d73,p24,a,456,504,1,0,60,2664,JOUABLE,D73P24A
d73p25a,d73p25a,donjon : abords/salles (Dungeon ground),d73,p25,a,456,456,1,0,60,2394,JOUABLE,D73P25A
d73p26a,d73p26a,donjon : abords/salles (Dungeon ground),d73,p26,a,456,504,1,0,60,2664,JOUABLE,D73P26A
d73p27a,d73p27a,donjon : abords/salles (Dungeon ground),d73,p27,a,456,456,1,0,60,2466,JOUABLE,D73P27A
d73p28a,d73p28a,donjon : abords/salles (Dungeon ground),d73,p28,a,456,504,4,18,"10,60",2824,JOUABLE,D73P28A
d73p29a,d73p29a,donjon : abords/salles (Dungeon ground),d73,p29,a,456,456,1,0,60,2520,JOUABLE,D73P29A
d73p31a,d73p31a,donjon : abords/salles (Dungeon ground),d73,intermédiaire (p3x),a,504,504,3,1185,"10,60",3095,JOUABLE,D73P31A
d73p41a,d73p41a,donjon : abords/salles (Dungeon ground),d73,fond/boss (p4x),a,504,504,5,21,"10,60",0,BG (sans collision),D73P41A
d79p11a,d79p11a,donjon : abords/salles (Dungeon ground),d79,entrée (p1x),a,600,504,1,0,60,3853,JOUABLE,D79P11A
d79p21a,d79p21a,donjon : abords/salles (Dungeon ground),d79,p21,a,456,456,1,0,60,2376,JOUABLE,D79P21A
d79p41a,d79p41a,donjon : abords/salles (Dungeon ground),d79,fond/boss (p4x),a,1440,960,1,0,60,0,BG (sans collision),D79P41A
d80p41a,d80p41a,donjon : abords/salles (Dungeon ground),d80,fond/boss (p4x),a,1440,960,1,0,60,0,BG (sans collision),D80P41A
d81p41a,d81p41a,donjon : abords/salles (Dungeon ground),d81,fond/boss (p4x),a,456,456,1,0,60,2250,JOUABLE,D81P41A
d82p41a,d82p41a,donjon : abords/salles (Dungeon ground),d82,fond/boss (p4x),a,456,456,1,0,60,2493,JOUABLE,D82P41A
d83p41a,d83p41a,donjon : abords/salles (Dungeon ground),d83,fond/boss (p4x),a,456,456,1,0,60,2385,JOUABLE,D83P41A
d84p41a,d84p41a,donjon : abords/salles (Dungeon ground),d84,fond/boss (p4x),a,456,456,1,0,60,2466,JOUABLE,D84P41A
d85p41a,d85p41a,donjon : abords/salles (Dungeon ground),d85,fond/boss (p4x),a,456,456,1,0,60,2493,JOUABLE,D85P41A
d86p41a,d86p41a,donjon : abords/salles (Dungeon ground),d86,fond/boss (p4x),a,456,456,1,0,60,2475,JOUABLE,D86P41A
d87p41a,d87p41a,donjon : abords/salles (Dungeon ground),d87,fond/boss (p4x),a,456,456,1,0,60,2493,JOUABLE,D87P41A
d88p41a,d88p41a,donjon : abords/salles (Dungeon ground),d88,fond/boss (p4x),a,456,456,1,0,60,2511,JOUABLE,D88P41A
d89p41a,d89p41a,donjon : abords/salles (Dungeon ground),d89,fond/boss (p4x),a,456,456,1,0,60,2466,JOUABLE,D89P41A
d90p41a,d90p41a,donjon : abords/salles (Dungeon ground),d90,fond/boss (p4x),a,456,456,1,0,60,2403,JOUABLE,D90P41A
d91p41a,d91p41a,donjon : abords/salles (Dungeon ground),d91,fond/boss (p4x),a,720,480,1,0,60,2467,JOUABLE,D91P41A
d92p41a,d92p41a,donjon : abords/salles (Dungeon ground),d92,fond/boss (p4x),a,720,480,1,0,60,2466,JOUABLE,D92P41A
d93p41a,d93p41a,donjon : abords/salles (Dungeon ground),d93,fond/boss (p4x),a,720,480,1,0,60,2466,JOUABLE,D93P41A
d94p41a,d94p41a,donjon : abords/salles (Dungeon ground),d94,fond/boss (p4x),a,720,480,1,0,60,2466,JOUABLE,D94P41A
d95p41a,d95p41a,donjon : abords/salles (Dungeon ground),d95,fond/boss (p4x),a,720,480,1,0,60,2466,JOUABLE,D95P41A
g01p01a,g01p01a,guilde (Guild),g01,,a,480,408,4,42,"10,60",2761,JOUABLE,G01P01A
g01p01b,g01p01b,guilde (Guild),g01,,b,480,408,4,142,"10,60",2762,JOUABLE,G01P01B
g01p01c,g01p01c,guilde (Guild),g01,,c,480,408,4,286,"10,60",2762,JOUABLE,G01P01C
g01p02a,g01p02a,guilde (Guild),g01,,a,408,312,1,0,60,1866,JOUABLE,G01P02A
g01p03a,g01p03a,guilde (Guild),g01,,a,696,456,1,0,60,4271,JOUABLE,G01P03A
g01p04a,g01p04a,guilde (Guild),g01,,a,648,432,1,0,60,3385,JOUABLE,G01P04A
g01p04c,g01p04c,guilde (Guild),g01,,c,648,432,1,0,60,3378,JOUABLE,G01P04C
g01p05a,g01p05a,guilde (Guild),g01,,a,408,384,1,0,60,2073,JOUABLE,G01P05A
g01p05c,g01p05c,guilde (Guild),g01,,c,408,384,4,40,"10,60",2067,JOUABLE,G01P05C
g01p06a,g01p06a,guilde (Guild),g01,,a,504,360,4,17,"10,60",2529,JOUABLE,G01P06A
g01p06b,g01p06b,guilde (Guild),g01,,b,504,360,4,17,"10,60",2529,JOUABLE,G01P06B
g01p07a,g01p07a,guilde (Guild),g01,,a,384,312,1,0,60,1720,JOUABLE,G01P07A
g01p07c,g01p07c,guilde (Guild),g01,,c,384,312,27,1872,10,1720,JOUABLE,G01P07C
g01p08a,g01p08a,guilde (Guild),g01,,a,264,360,1,0,60,1269,JOUABLE,G01P08A
g01p09a,g01p09a,guilde (Guild),g01,,a,432,336,1,0,60,2104,JOUABLE,G01P09A
g01p09c,g01p09c,guilde (Guild),g01,,c,432,336,1,0,60,2104,JOUABLE,G01P09C
g01p10a,g01p10a,guilde (Guild),g01,,a,432,336,3,6,"10,60",2113,JOUABLE,G01P10A
g01p10c,g01p10c,guilde (Guild),g01,,c,432,336,3,6,"10,60",2113,JOUABLE,G01P10C
h01p99a,h01p99a,Hidden/divers,h01,,a,504,384,7,776,"10,60",2625,JOUABLE,H01P99A
h01p99c,h01p99c,Hidden/divers,h01,,c,504,384,6,691,"10,60",2625,JOUABLE,H01P99C
h01p99d,h01p99d,Hidden/divers,h01,,d,504,384,154,3024,10,2624,JOUABLE,H01P99D
h01p99e,h01p99e,Hidden/divers,h01,,e,504,384,10,811,"10,60",2624,JOUABLE,H01P99E
h02p99a,h02p99a,Hidden/divers,h02,,a,528,384,7,700,"10,60",2904,JOUABLE,H02P99A
h02p99c,h02p99c,Hidden/divers,h02,,c,744,384,6,1164,"10,60",4200,JOUABLE,H02P99C
p01p01a,p01p01a,lieux divers (Place),p01,,a,432,456,4,94,"10,60",2118,JOUABLE,P01P01A
p01p02a,p01p02a,lieux divers (Place),p01,,a,432,432,4,30,"10,60",2243,JOUABLE,P01P02A
p01p03a,p01p03a,lieux divers (Place),p01,,a,432,456,4,94,"10,60",2104,JOUABLE,P01P03A
p01p04a,p01p04a,lieux divers (Place),p01,,a,696,456,1,0,60,4233,JOUABLE,P01P04A
p02p01a,p02p01a,lieux divers (Place),p02,,a,504,408,11,120,"10,60",3023,JOUABLE,P02P01A
p03p01a,p03p01a,lieux divers (Place),p03,,a,744,1032,7,3127,"10,60",0,BG (sans collision),P03P01A
p03p02a,p03p02a,lieux divers (Place),p03,,a,744,1032,7,3127,"10,60",0,BG (sans collision),P03P02A
p04p01c,p04p01c,lieux divers (Place),p04,,c,312,912,32,278,"10,60",0,BG (sans collision),P04P01C
p05p01a,p05p01a,lieux divers (Place),p05,,a,408,408,1,0,60,0,BG (sans collision),P05P01A
p05p02a,p05p02a,lieux divers (Place),p05,,a,504,456,1,0,60,3138,JOUABLE,P05P02A
p05p03a,p05p03a,lieux divers (Place),p05,,a,1368,960,1,0,60,0,BG (sans collision),P05P03A
p05p04a,p05p04a,lieux divers (Place),p05,,a,504,384,1,0,60,0,BG (sans collision),P05P04A
p06p01a,p06p01a,lieux divers (Place),p06,,a,600,384,15,32,"10,60",0,BG (sans collision),P06P01A
p07p01a,p07p01a,lieux divers (Place),p07,,a,360,552,1,0,60,0,BG (sans collision),P07P01A
p08p01a,p08p01a,lieux divers (Place),p08,,a,552,552,1,0,60,0,BG (sans collision),P08P01A
p09p01a,p09p01a,lieux divers (Place),p09,,a,600,600,1,0,60,0,BG (sans collision),P09P01A
p10p01a,p10p01a,lieux divers (Place),p10,,a,408,240,17,662,"10,60",0,BG (sans collision),P10P01A
p11p01a,p11p01a,lieux divers (Place),p11,,a,552,600,4,184,"10,60",0,BG (sans collision),P11P01A
p12p01a,p12p01a,lieux divers (Place),p12,,a,624,480,14,292,"10,60",0,BG (sans collision),P12P01A
p12p02a,p12p02a,lieux divers (Place),p12,,a,624,480,1,0,60,0,BG (sans collision),P12P02A
p13p01a,p13p01a,lieux divers (Place),p13,,a,624,480,1,0,60,0,BG (sans collision),P13P01A
p14p01a,p14p01a,lieux divers (Place),p14,,a,600,600,16,106,"10,60",0,BG (sans collision),P14P01A
p15p01a,p15p01a,lieux divers (Place),p15,,a,1440,960,4,102,"10,60",0,BG (sans collision),P15P01A
p16p01a,p16p01a,lieux divers (Place),p16,,a,456,288,1,0,60,1596,JOUABLE,P16P01A
p17p01a,p17p01a,lieux divers (Place),p17,,a,432,288,1,0,60,0,BG (sans collision),P17P01A
p17p02a,p17p02a,lieux divers (Place),p17,,a,504,384,4,5,"10,60",2691,JOUABLE,P17P02A
p17p02c,p17p02c,lieux divers (Place),p17,,c,504,384,4,16,"10,60",0,BG (sans collision),P17P02C
p18p01a,p18p01a,lieux divers (Place),p18,,a,624,288,11,254,"10,60",0,BG (sans collision),P18P01A
p19p01a,p19p01a,lieux divers (Place),p19,,a,456,384,1,0,60,2316,JOUABLE,P19P01A
p19p02a,p19p02a,lieux divers (Place),p19,,a,480,360,1,0,60,2555,JOUABLE,P19P02A
p20p01a,p20p01a,lieux divers (Place),p20,,a,408,408,1,0,60,0,BG (sans collision),P20P01A
p20p02a,p20p02a,lieux divers (Place),p20,,a,408,408,1,0,60,0,BG (sans collision),P20P02A
p20p03a,p20p03a,lieux divers (Place),p20,,a,408,408,1,0,60,0,BG (sans collision),P20P03A
p21p02a,p21p02a,lieux divers (Place),p21,,a,600,312,1,0,60,0,BG (sans collision),P21P02A
p22p01a,p22p01a,lieux divers (Place),p22,,a,408,408,1,0,60,0,BG (sans collision),P22P01A
p23p01a,p23p01a,lieux divers (Place),p23,,a,456,408,1,0,60,0,BG (sans collision),P23P01A
p23p02a,p23p02a,lieux divers (Place),p23,,a,360,480,1,0,60,0,BG (sans collision),P23P02A
p24p01a,p24p01a,lieux divers (Place),p24,,a,456,552,1,0,60,0,BG (sans collision),P24P01A
p25p01a,p25p01a,lieux divers (Place),p25,,a,360,504,1,0,60,0,BG (sans collision),P25P01A
p26p01a,p26p01a,lieux divers (Place),p26,,a,408,408,1,0,60,0,BG (sans collision),P26P01A
p27p01a,p27p01a,lieux divers (Place),p27,,a,360,312,1,0,60,0,BG (sans collision),P27P01A
p28p01a,p28p01a,lieux divers (Place),p28,,a,312,336,14,521,"10,60",0,BG (sans collision),P28P01A
s00p01a,s00p01a,spécial/histoire (Special),s00,,a,264,432,1,0,60,0,BG (sans collision),S00P01A
s01p01a,s01p01a,spécial/histoire (Special),s01,,a,1008,1344,1,0,60,0,BG (sans collision),S01P01A
s01p01b,s01p01b,spécial/histoire (Special),s01,,b,264,192,1,0,60,0,BG (sans collision),S01P01B
s01p02a,s01p02a,spécial/histoire (Special),s01,,a,456,456,10,1117,"10,60",2543,JOUABLE,S01P02A
s01p04a,s01p04a,spécial/histoire (Special),s01,,a,312,240,1,0,60,0,BG (sans collision),S01P04A
s02p01a,s02p01a,spécial/histoire (Special),s02,,a,384,192,63,1152,10,0,BG (sans collision),S02P01A
s03p01a,s03p01a,spécial/histoire (Special),s03,,a,528,384,25,728,"10,60",0,BG (sans collision),S03P01A
s03p02a,s03p02a,spécial/histoire (Special),s03,,a,528,384,1,0,60,0,BG (sans collision),S03P02A
s04p01a,s04p01a,spécial/histoire (Special),s04,,a,264,432,1,0,60,0,BG (sans collision),S04P01A
s05p01a,s05p01a,spécial/histoire (Special),s05,,a,792,384,1,0,60,0,BG (sans collision),S05P01A
s05p02a,s05p02a,spécial/histoire (Special),s05,,a,264,192,1,0,60,0,BG (sans collision),S05P02A
s05p02b,s05p02b,spécial/histoire (Special),s05,,b,264,192,1,0,60,0,BG (sans collision),S05P02B
s05p02c,s05p02c,spécial/histoire (Special),s05,,c,264,192,1,0,60,0,BG (sans collision),S05P02C
s05p02c2,s05p02c2,spécial/histoire (Special),s05,,c2,264,192,1,0,60,0,BG (sans collision),S05P02C2
s05p02c3,s05p02c3,spécial/histoire (Special),s05,,c3,264,192,1,0,60,0,BG (sans collision),S05P02C3
s05p02c4,s05p02c4,spécial/histoire (Special),s05,,c4,264,192,1,0,60,0,BG (sans collision),S05P02C4
s05p02c5,s05p02c5,spécial/histoire (Special),s05,,c5,264,192,1,0,60,0,BG (sans collision),S05P02C5
s05p03a,s05p03a,spécial/histoire (Special),s05,,a,312,720,1,0,60,0,BG (sans collision),S05P03A
s05p04a,s05p04a,spécial/histoire (Special),s05,,a,312,240,32,1066,"10,60",0,BG (sans collision),S05P04A
s05p05a,s05p05a,spécial/histoire (Special),s05,,a,792,768,32,3012,"10,60",0,BG (sans collision),S05P05A
s05p05b,s05p05b,spécial/histoire (Special),s05,,b,792,768,31,3060,"10,60",0,BG (sans collision),S05P05B
s06p01a,s06p01a,spécial/histoire (Special),s06,,a,264,432,1,0,60,0,BG (sans collision),S06P01A
s07p01a,s07p01a,spécial/histoire (Special),s07,,a,264,432,1,0,60,0,BG (sans collision),S07P01A
s07p02a,s07p02a,spécial/histoire (Special),s07,,a,264,432,1,0,60,0,BG (sans collision),S07P02A
s08p01a,s08p01a,spécial/histoire (Special),s08,,a,264,192,1,0,60,0,BG (sans collision),S08P01A
s11p01a,s11p01a,spécial/histoire (Special),s11,,a,264,192,1,0,60,0,BG (sans collision),S11P01A
s11p02a,s11p02a,spécial/histoire (Special),s11,,a,528,192,1,0,60,0,BG (sans collision),S11P02A
s11p02b,s11p02b,spécial/histoire (Special),s11,,b,528,192,1,0,60,0,BG (sans collision),S11P02B
s11p02c2,s11p02c2,spécial/histoire (Special),s11,,c2,528,192,1,0,60,0,BG (sans collision),S11P02C2
s11p02c3,s11p02c3,spécial/histoire (Special),s11,,c3,528,192,1,0,60,0,BG (sans collision),S11P02C3
s11p02c4,s11p02c4,spécial/histoire (Special),s11,,c4,528,192,1,0,60,0,BG (sans collision),S11P02C4
s11p02c5,s11p02c5,spécial/histoire (Special),s11,,c5,528,192,1,0,60,0,BG (sans collision),S11P02C5
s13p01a2,s13p01a2,spécial/histoire (Special),s13,,a2,264,192,32,254,"10,60",0,BG (sans collision),S13P01A2
s13p01a3,s13p01a3,spécial/histoire (Special),s13,,a3,264,192,32,270,"10,60",0,BG (sans collision),S13P01A3
s13p01a4,s13p01a4,spécial/histoire (Special),s13,,a4,264,192,32,270,"10,60",0,BG (sans collision),S13P01A4
s13p01a5,s13p01a5,spécial/histoire (Special),s13,,a5,264,192,32,280,"10,60",0,BG (sans collision),S13P01A5
s13p02a,s13p02a,spécial/histoire (Special),s13,,a,360,576,1,0,60,0,BG (sans collision),S13P02A
s13p03a,s13p03a,spécial/histoire (Special),s13,,a,288,648,14,360,"10,60",0,BG (sans collision),S13P03A
s13p04a,s13p04a,spécial/histoire (Special),s13,,a,528,192,1,0,60,0,BG (sans collision),S13P04A
s13p04b,s13p04b,spécial/histoire (Special),s13,,b,528,192,1,0,60,0,BG (sans collision),S13P04B
s13p05a,s13p05a,spécial/histoire (Special),s13,,a,312,576,16,1570,"10,60",0,BG (sans collision),S13P05A
s13p06a,s13p06a,spécial/histoire (Special),s13,,a,384,384,1,0,60,0,BG (sans collision),S13P06A
s13p07a,s13p07a,spécial/histoire (Special),s13,,a,312,240,8,96,"10,60",0,BG (sans collision),S13P07A
s13p08a,s13p08a,spécial/histoire (Special),s13,,a,312,720,10,709,"10,60",0,BG (sans collision),S13P08A
s13p09a,s13p09a,spécial/histoire (Special),s13,,a,264,576,6,45,"10,60",0,BG (sans collision),S13P09A
s14p01a,s14p01a,spécial/histoire (Special),s14,,a,264,192,1,0,60,0,BG (sans collision),S14P01A
s15p01a,s15p01a,spécial/histoire (Special),s15,,a,384,192,1,0,60,0,BG (sans collision),S15P01A
s15p02a,s15p02a,spécial/histoire (Special),s15,,a,504,336,1,0,60,0,BG (sans collision),S15P02A
s15p03a,s15p03a,spécial/histoire (Special),s15,,a,504,336,1,0,60,0,BG (sans collision),S15P03A
s15p04a,s15p04a,spécial/histoire (Special),s15,,a,504,336,1,0,60,0,BG (sans collision),S15P04A
s15p05a,s15p05a,spécial/histoire (Special),s15,,a,264,192,1,0,60,0,BG (sans collision),S15P05A
s15p05b,s15p05b,spécial/histoire (Special),s15,,b,264,192,1,0,60,0,BG (sans collision),S15P05B
s17p01a,s17p01a,spécial/histoire (Special),s17,,a,528,384,31,728,"10,60",0,BG (sans collision),S17P01A
s17p02a,s17p02a,spécial/histoire (Special),s17,,a,264,192,1,0,60,0,BG (sans collision),S17P02A
s20p01a,s20p01a,spécial/histoire (Special),s20,,a,264,192,1,0,60,0,BG (sans collision),S20P01A
s21p01a,s21p01a,spécial/histoire (Special),s21,,a,528,192,1,0,60,0,BG (sans collision),S21P01A
s99p01a,s99p01a,spécial/histoire (Special),s99,,a,288,384,1,0,60,0,BG (sans collision),S99P01A
s99p01a2,s99p01a2,spécial/histoire (Special),s99,,a2,264,384,1,0,60,0,BG (sans collision),S99P01A2
s99p01a3,s99p01a3,spécial/histoire (Special),s99,,a3,264,384,1,0,60,0,BG (sans collision),S99P01A3
s99p01a4,s99p01a4,spécial/histoire (Special),s99,,a4,264,384,1,0,60,0,BG (sans collision),S99P01A4
s99p01a5,s99p01a5,spécial/histoire (Special),s99,,a5,264,384,1,0,60,0,BG (sans collision),S99P01A5
s99p03a2,s99p03a2,spécial/histoire (Special),s99,,a2,264,384,1,0,60,0,BG (sans collision),S99P03A2
s99p03a3,s99p03a3,spécial/histoire (Special),s99,,a3,264,384,1,0,60,0,BG (sans collision),S99P03A3
s99p03a4,s99p03a4,spécial/histoire (Special),s99,,a4,264,384,1,0,60,0,BG (sans collision),S99P03A4
s99p03a5,s99p03a5,spécial/histoire (Special),s99,,a5,264,384,1,0,60,0,BG (sans collision),S99P03A5
t00p01,t00p01,ville (Town),t00,,,960,720,6,283,"10,60",8682,JOUABLE,T00P01
t00p02,t00p02,ville (Town),t00,,,672,504,4,494,"10,60",7,JOUABLE,T00P02
t00p03,t00p03,ville (Town),t00,,,552,504,4,251,"10,60",0,BG (sans collision),T00P03
t00p04a,t00p04a,ville (Town),t00,,a,480,408,4,42,"10,60",2755,JOUABLE,T00P04A
t01p01a,t01p01a,ville (Town),t01,,a,672,504,4,494,"10,60",3964,JOUABLE,T01P01A
t01p02a,t01p02a,ville (Town),t01,,a,552,504,4,251,"10,60",3481,JOUABLE,T01P02A
t01p03a,t01p03a,ville (Town),t01,,a,504,432,4,77,"10,60",2983,JOUABLE,T01P03A
t01p04a,t01p04a,ville (Town),t01,,a,408,360,4,31,"10,60",2101,JOUABLE,T01P04A
v00p01,v00p01,scène/cinématique (Visual),v00,,,624,240,6,780,"10,60",0,BG (sans collision),V00P01
v00p02,v00p02,scène/cinématique (Visual),v00,,,504,384,6,360,"10,60",0,BG (sans collision),V00P02
v00p03,v00p03,scène/cinématique (Visual),v00,,,312,600,1,0,60,0,BG (sans collision),V00P03
v01p01a,v01p01a,scène/cinématique (Visual),v01,,a,288,216,6,360,"10,60",0,BG (sans collision),V01P01A
v01p02a,v01p02a,scène/cinématique (Visual),v01,,a,576,216,1,0,60,0,BG (sans collision),V01P02A
v01p03a,v01p03a,scène/cinématique (Visual),v01,,a,528,240,4,48,"10,60",0,BG (sans collision),V01P03A
v01p03b,v01p03b,scène/cinématique (Visual),v01,,b,528,240,6,46,"10,60",0,BG (sans collision),V01P03B
v01p03c,v01p03c,scène/cinématique (Visual),v01,,c,528,240,6,46,"10,60",0,BG (sans collision),V01P03C
v01p04b,v01p04b,scène/cinématique (Visual),v01,,b,312,240,14,378,"10,60",0,BG (sans collision),V01P04B
v01p05b,v01p05b,scène/cinématique (Visual),v01,,b,312,240,1,0,60,0,BG (sans collision),V01P05B
v01p06b,v01p06b,scène/cinématique (Visual),v01,,b,312,240,1,0,60,0,BG (sans collision),V01P06B
v01p07b,v01p07b,scène/cinématique (Visual),v01,,b,624,240,21,2340,10,0,BG (sans collision),V01P07B
v01p08b,v01p08b,scène/cinématique (Visual),v01,,b,264,504,13,30,"10,60",0,BG (sans collision),V01P08B
v02p01a,v02p01a,scène/cinématique (Visual),v02,,a,264,192,1,0,60,0,BG (sans collision),V02P01A
v02p02a,v02p02a,scène/cinématique (Visual),v02,,a,312,240,1,0,60,0,BG (sans collision),V02P02A
v02p03a,v02p03a,scène/cinématique (Visual),v02,,a,264,696,1,0,60,0,BG (sans collision),V02P03A
v02p06a,v02p06a,scène/cinématique (Visual),v02,,a,312,240,1,0,60,0,BG (sans collision),V02P06A
v02p07a,v02p07a,scène/cinématique (Visual),v02,,a,312,240,1,0,60,0,BG (sans collision),V02P07A
v02p08a,v02p08a,scène/cinématique (Visual),v02,,a,264,192,1,0,60,0,BG (sans collision),V02P08A
v03p01a,v03p01a,scène/cinématique (Visual),v03,,a,312,240,1,0,60,0,BG (sans collision),V03P01A
v03p02a,v03p02a,scène/cinématique (Visual),v03,,a,312,240,1,0,60,0,BG (sans collision),V03P02A
v03p03a,v03p03a,scène/cinématique (Visual),v03,,a,312,240,1,0,60,0,BG (sans collision),V03P03A
v03p04a,v03p04a,scène/cinématique (Visual),v03,,a,312,240,1,0,60,0,BG (sans collision),V03P04A
v03p05c,v03p05c,scène/cinématique (Visual),v03,,c,312,240,1,0,60,0,BG (sans collision),V03P05C
v03p06a,v03p06a,scène/cinématique (Visual),v03,,a,408,384,1,0,60,0,BG (sans collision),V03P06A
v03p06b,v03p06b,scène/cinématique (Visual),v03,,b,408,384,1,0,60,0,BG (sans collision),V03P06B
v03p07a,v03p07a,scène/cinématique (Visual),v03,,a,312,336,14,521,"10,60",0,BG (sans collision),V03P07A
v03p08a,v03p08a,scène/cinématique (Visual),v03,,a,312,336,20,1072,"10,60",0,BG (sans collision),V03P08A
v03p09a,v03p09a,scène/cinématique (Visual),v03,,a,312,240,1,0,60,0,BG (sans collision),V03P09A
v03p11a,v03p11a,scène/cinématique (Visual),v03,,a,480,408,1,0,60,0,BG (sans collision),V03P11A
v03p12a,v03p12a,scène/cinématique (Visual),v03,,a,624,240,1,0,60,0,BG (sans collision),V03P12A
v03p13a,v03p13a,scène/cinématique (Visual),v03,,a,312,240,1,0,60,0,BG (sans collision),V03P13A
v04p01a,v04p01a,scène/cinématique (Visual),v04,,a,312,432,1,0,60,0,BG (sans collision),V04P01A
v04p02a,v04p02a,scène/cinématique (Visual),v04,,a,312,240,1,0,60,0,BG (sans collision),V04P02A
v04p03a,v04p03a,scène/cinématique (Visual),v04,,a,312,240,1,0,60,0,BG (sans collision),V04P03A
v05p01a,v05p01a,scène/cinématique (Visual),v05,,a,312,240,1,0,60,0,BG (sans collision),V05P01A
v05p02a,v05p02a,scène/cinématique (Visual),v05,,a,312,240,1,0,60,0,BG (sans collision),V05P02A
v05p03a,v05p03a,scène/cinématique (Visual),v05,,a,312,600,1,0,60,0,BG (sans collision),V05P03A
v05p05a,v05p05a,scène/cinématique (Visual),v05,,a,384,192,1,0,60,0,BG (sans collision),V05P05A
v09p01a,v09p01a,scène/cinématique (Visual),v09,,a,312,240,1,0,60,0,BG (sans collision),V09P01A
v09p04a,v09p04a,scène/cinématique (Visual),v09,,a,312,240,3,182,"10,60",0,BG (sans collision),V09P04A
v10p01c,v10p01c,scène/cinématique (Visual),v10,,c,600,240,32,133,"10,60",0,BG (sans collision),V10P01C
v10p03c,v10p03c,scène/cinématique (Visual),v10,,c,312,600,8,517,"10,60",0,BG (sans collision),V10P03C
v12p01a,v12p01a,scène/cinématique (Visual),v12,,a,1248,240,1,0,60,0,BG (sans collision),V12P01A
v13p01a,v13p01a,scène/cinématique (Visual),v13,,a,312,240,1,0,60,0,BG (sans collision),V13P01A
v14p01a,v14p01a,scène/cinématique (Visual),v14,,a,552,240,9,57,"10,60",0,BG (sans collision),V14P01A
v14p03a,v14p03a,scène/cinématique (Visual),v14,,a,792,240,1,0,60,0,BG (sans collision),V14P03A
v14p04a,v14p04a,scène/cinématique (Visual),v14,,a,792,240,1,0,60,0,BG (sans collision),V14P04A
v15p01a,v15p01a,scène/cinématique (Visual),v15,,a,312,888,1,0,60,0,BG (sans collision),V15P01A
v15p02a,v15p02a,scène/cinématique (Visual),v15,,a,720,240,3,14,"10,60",0,BG (sans collision),V15P02A
v15p03a,v15p03a,scène/cinématique (Visual),v15,,a,720,240,3,14,"10,60",0,BG (sans collision),V15P03A
v16p02a,v16p02a,scène/cinématique (Visual),v16,,a,312,240,6,820,"10,60",0,BG (sans collision),V16P02A
v17p01a,v17p01a,scène/cinématique (Visual),v17,,a,312,240,1,0,60,0,BG (sans collision),V17P01A
v17p02a,v17p02a,scène/cinématique (Visual),v17,,a,600,240,1,0,60,0,BG (sans collision),V17P02A
v17p03a,v17p03a,scène/cinématique (Visual),v17,,a,600,240,1,0,60,0,BG (sans collision),V17P03A
v19p01a,v19p01a,scène/cinématique (Visual),v19,,a,936,240,1,0,60,0,BG (sans collision),V19P01A
v19p02a,v19p02a,scène/cinématique (Visual),v19,,a,312,240,1,0,60,0,BG (sans collision),V19P02A
v19p03a,v19p03a,scène/cinématique (Visual),v19,,a,936,720,1,0,60,0,BG (sans collision),V19P03A
v19p04a,v19p04a,scène/cinématique (Visual),v19,,a,936,240,30,966,"10,60",0,BG (sans collision),V19P04A
v19p05a,v19p05a,scène/cinématique (Visual),v19,,a,312,240,1,0,60,0,BG (sans collision),V19P05A
v19p06a,v19p06a,scène/cinématique (Visual),v19,,a,936,480,1,0,60,0,BG (sans collision),V19P06A
v21p01a,v21p01a,scène/cinématique (Visual),v21,,a,264,192,1,0,60,0,BG (sans collision),V21P01A
v21p02a,v21p02a,scène/cinématique (Visual),v21,,a,312,240,28,1170,10,0,BG (sans collision),V21P02A
v21p02b,v21p02b,scène/cinématique (Visual),v21,,b,312,240,1,0,60,0,BG (sans collision),V21P02B
v22p01a,v22p01a,scène/cinématique (Visual),v22,,a,312,240,12,171,"10,60",0,BG (sans collision),V22P01A
v22p02a,v22p02a,scène/cinématique (Visual),v22,,a,408,240,12,371,"10,60",0,BG (sans collision),V22P02A
v22p03a,v22p03a,scène/cinématique (Visual),v22,,a,456,240,6,103,"10,60",0,BG (sans collision),V22P03A
v23p01a,v23p01a,scène/cinématique (Visual),v23,,a,312,744,1,0,60,0,BG (sans collision),V23P01A
v23p04a,v23p04a,scène/cinématique (Visual),v23,,a,312,240,4,43,"10,60",0,BG (sans collision),V23P04A
v23p05a,v23p05a,scène/cinématique (Visual),v23,,a,312,240,1,0,60,0,BG (sans collision),V23P05A
v24p01a,v24p01a,scène/cinématique (Visual),v24,,a,312,240,6,390,"10,60",0,BG (sans collision),V24P01A
v24p02a,v24p02a,scène/cinématique (Visual),v24,,a,312,240,4,372,"10,60",0,BG (sans collision),V24P02A
v24p03a,v24p03a,scène/cinématique (Visual),v24,,a,936,720,1,0,60,0,BG (sans collision),V24P03A
v24p04a,v24p04a,scène/cinématique (Visual),v24,,a,312,240,10,697,"10,60",0,BG (sans collision),V24P04A
v24p05a,v24p05a,scène/cinématique (Visual),v24,,a,936,1296,1,0,60,0,BG (sans collision),V24P05A
v24p06a,v24p06a,scène/cinématique (Visual),v24,,a,312,240,1,0,60,0,BG (sans collision),V24P06A
v24p07a,v24p07a,scène/cinématique (Visual),v24,,a,312,240,1,0,60,0,BG (sans collision),V24P07A
v24p08a,v24p08a,scène/cinématique (Visual),v24,,a,312,240,32,1169,"10,60",0,BG (sans collision),V24P08A
v24p09a,v24p09a,scène/cinématique (Visual),v24,,a,312,240,4,392,"10,60",0,BG (sans collision),V24P09A
v25p01a,v25p01a,scène/cinématique (Visual),v25,,a,312,240,1,0,60,0,BG (sans collision),V25P01A
v25p02a,v25p02a,scène/cinématique (Visual),v25,,a,312,240,1,0,60,0,BG (sans collision),V25P02A
v25p03a,v25p03a,scène/cinématique (Visual),v25,,a,312,240,2,1170,10,0,BG (sans collision),V25P03A
v25p04a,v25p04a,scène/cinématique (Visual),v25,,a,312,240,13,365,"10,60",0,BG (sans collision),V25P04A
v26p01a,v26p01a,scène/cinématique (Visual),v26,,a,312,240,27,396,"10,60",0,BG (sans collision),V26P01A
v26p02a,v26p02a,scène/cinématique (Visual),v26,,a,312,240,1,0,60,0,BG (sans collision),V26P02A
v26p03a,v26p03a,scène/cinématique (Visual),v26,,a,312,240,1,0,60,0,BG (sans collision),V26P03A
v26p04a,v26p04a,scène/cinématique (Visual),v26,,a,312,240,1,0,60,0,BG (sans collision),V26P04A
v26p05a,v26p05a,scène/cinématique (Visual),v26,,a,936,720,13,349,"10,60",0,BG (sans collision),V26P05A
v26p06a,v26p06a,scène/cinématique (Visual),v26,,a,312,240,6,70,"10,60",0,BG (sans collision),V26P06A
v26p07a,v26p07a,scène/cinématique (Visual),v26,,a,312,1320,1,0,60,0,BG (sans collision),V26P07A
v26p09a,v26p09a,scène/cinématique (Visual),v26,,a,312,240,3,253,"10,60",0,BG (sans collision),V26P09A
v26p10a,v26p10a,scène/cinématique (Visual),v26,,a,312,240,31,1170,10,0,BG (sans collision),V26P10A
v26p11a,v26p11a,scène/cinématique (Visual),v26,,a,312,240,1,0,60,0,BG (sans collision),V26P11A
v26p11a2,v26p11a2,scène/cinématique (Visual),v26,,a2,312,240,1,0,60,0,BG (sans collision),V26P11A2
v26p11a3,v26p11a3,scène/cinématique (Visual),v26,,a3,312,240,1,0,60,0,BG (sans collision),V26P11A3
v26p11a4,v26p11a4,scène/cinématique (Visual),v26,,a4,312,240,1,0,60,0,BG (sans collision),V26P11A4
v26p11a5,v26p11a5,scène/cinématique (Visual),v26,,a5,312,240,1,0,60,0,BG (sans collision),V26P11A5
v28p01a,v28p01a,scène/cinématique (Visual),v28,,a,312,240,1,0,60,0,BG (sans collision),V28P01A
v31p01a,v31p01a,scène/cinématique (Visual),v31,,a,312,240,1,0,60,0,BG (sans collision),V31P01A
v31p02a,v31p02a,scène/cinématique (Visual),v31,,a,480,384,1,0,60,0,BG (sans collision),V31P02A
v32p01a,v32p01a,scène/cinématique (Visual),v32,,a,384,192,3,6,"10,60",0,BG (sans collision),V32P01A
v33p01a,v33p01a,scène/cinématique (Visual),v33,,a,264,288,1,0,60,0,BG (sans collision),V33P01A
v34p01a,v34p01a,scène/cinématique (Visual),v34,,a,264,192,1,0,60,0,BG (sans collision),V34P01A
v37p01a,v37p01a,scène/cinématique (Visual),v37,,a,264,288,1,0,60,0,BG (sans collision),V37P01A
v37p02a,v37p02a,scène/cinématique (Visual),v37,,a,264,576,1,0,60,0,BG (sans collision),V37P02A
v37p03a,v37p03a,scène/cinématique (Visual),v37,,a,264,768,22,262,"10,60",0,BG (sans collision),V37P03A
v38p01a,v38p01a,scène/cinématique (Visual),v38,,a,432,192,1,0,60,0,BG (sans collision),V38P01A
v38p02a,v38p02a,scène/cinématique (Visual),v38,,a,288,192,1,0,60,0,BG (sans collision),V38P02A
v38p03a,v38p03a,scène/cinématique (Visual),v38,,a,792,432,1,0,60,0,BG (sans collision),V38P03A
v38p04a,v38p04a,scène/cinématique (Visual),v38,,a,312,240,1,0,60,0,BG (sans collision),V38P04A
v38p05a,v38p05a,scène/cinématique (Visual),v38,,a,264,216,1,0,60,0,BG (sans collision),V38P05A
v38p06a,v38p06a,scène/cinématique (Visual),v38,,a,264,216,31,891,10,0,BG (sans collision),V38P06A
v38p06c,v38p06c,scène/cinématique (Visual),v38,,c,264,216,18,27,"10,60",0,BG (sans collision),V38P06C
v38p06d,v38p06d,scène/cinématique (Visual),v38,,d,264,192,13,8,"10,60",0,BG (sans collision),V38P06D
v38p07a,v38p07a,scène/cinématique (Visual),v38,,a,264,408,1,0,60,0,BG (sans collision),V38P07A
v38p08a,v38p08a,scène/cinématique (Visual),v38,,a,264,600,1,0,60,0,BG (sans collision),V38P08A
v38p09a,v38p09a,scène/cinématique (Visual),v38,,a,264,216,28,11,"10,60",0,BG (sans collision),V38P09A
v38p10a,v38p10a,scène/cinématique (Visual),v38,,a,480,624,1,0,60,0,BG (sans collision),V38P10A
v38p11a,v38p11a,scène/cinématique (Visual),v38,,a,480,240,1,0,60,0,BG (sans collision),V38P11A
v39p01a,v39p01a,scène/cinématique (Visual),v39,,a,312,240,14,16,"10,60",0,BG (sans collision),V39P01A
v39p02a,v39p02a,scène/cinématique (Visual),v39,,a,360,192,1,0,60,0,BG (sans collision),V39P02A
v39p03a,v39p03a,scène/cinématique (Visual),v39,,a,264,288,24,457,"10,60",0,BG (sans collision),V39P03A
w00,w00,asset nommé,,,,1152,888,1,0,60,0,BG (sans collision),W00
w01a,w01a,asset nommé,,,,1152,888,1,0,60,0,BG (sans collision),W01A
w01b,w01b,asset nommé,,,,1152,888,1,0,60,0,BG (sans collision),W01B
w02a,w02a,asset nommé,,,,1056,216,1,0,60,0,BG (sans collision),W02A
w02b,w02b,asset nommé,,,,1056,216,1,0,60,0,BG (sans collision),W02B
w03a,w03a,asset nommé,,,,240,192,1,0,60,0,BG (sans collision),W03A
w03b,w03b,asset nommé,,,,240,192,1,0,60,0,BG (sans collision),W03B
w04a,w04a,asset nommé,,,,240,192,1,0,60,0,BG (sans collision),W04A
w04b,w04b,asset nommé,,,,240,192,1,0,60,0,BG (sans collision),W04B
w05a,w05a,asset nommé,,,,240,192,1,0,60,0,BG (sans collision),W05A
w05b,w05b,asset nommé,,,,240,192,1,0,60,0,BG (sans collision),W05B
waterfall_cave_1,d06p11a,donjon : abords/salles (Dungeon ground),d06,entrée (p1x),a,552,432,7,262,"10,60",3301,JOUABLE,Waterfall Cave 1
